frame,timestamp_ns,time_s,alignment_valid,near_dark_left,near_dark_center,near_dark_right,mid_dark_left,mid_dark_center,mid_dark_right,deep_dark_left,deep_dark_center,deep_dark_right,fx_n,fy_n,fz_n,mx_nm,my_nm,mz_nm,omega_y_rad_s
0,1788954180425935142,0.0,False,0.056910569105691054,0.0024390243902439024,0.005284552845528456,0.020588235294117647,0.0,0.0,0.016244725738396623,0.0018987341772151896,0.005063291139240507,nan,nan,nan,nan,nan,nan,nan
1,1788954180457827260,0.031892118000000004,False,0.03414634146341464,0.0012195121951219512,0.005691056910569106,0.00980392156862745,0.0,0.0,0.006118143459915612,0.0008438818565400843,0.003164556962025317,nan,nan,nan,nan,nan,nan,nan
2,1788954180493826366,0.067891224,False,0.032520325203252036,0.0008130081300813009,0.006097560975609756,0.008823529411764706,0.0,0.0,0.0065400843881856545,0.0010548523206751054,0.00379746835443038,nan,nan,nan,nan,nan,nan,nan
3,1788954180525898616,0.09996347400000001,False,0.004878048780487805,0.0,0.00040650406504065046,0.000980392156862745,0.0,0.0,0.004641350210970464,0.00042194092827004215,0.006118143459915611,nan,nan,nan,nan,nan,nan,nan
4,1788954180557899774,0.131964632,True,0.0032520325203252037,0.0,0.0,0.000980392156862745,0.0,0.0,0.005274261603375527,0.0008438818565400843,0.0065400843881856545,0.7231273050776048,2.0257087642912595,4.09105720607286,0.09679841219682352,0.010445584975389943,0.05104121624609294,-0.0003151231937035275
5,1788954180593858963,0.167923821,True,0.0,0.0,0.00040650406504065046,0.0,0.0,0.0,0.0035864978902953584,0.0006329113924050633,0.005274261603375527,0.7999479706373105,2.402069190184891,4.032198916701695,0.12020078528216938,0.01048818220911961,0.0753157132643803,-0.009601988102063185
6,1788954180626578020,0.20064287800000002,True,0.0,0.0,0.0008130081300813009,0.0,0.0,0.0,0.003164556962025317,0.0014767932489451476,0.005485232067510548,0.708526594133233,2.247659584567002,4.19159932257054,0.11091045904102306,0.011998709713722994,0.069208786234283,0.006061235742406112
7,1788954180657867779,0.23193263700000002,True,0.0,0.0,0.0008130081300813009,0.0,0.0,0.0,0.0018987341772151896,0.00021097046413502107,0.004430379746835443,0.6863807622525093,2.2336390963317414,4.091670046292188,0.09976427761541415,0.017127270800974276,0.053335065970380666,0.02341962476912456
8,1788954180693672816,0.26773767400000004,True,0.0,0.0008130081300813009,0.0,0.0,0.0,0.0,0.003164556962025317,0.00021097046413502107,0.006118143459915612,0.5081225981898039,2.166034847622525,4.181197965222943,0.10136252099521217,0.02428220174787607,0.05697402231224883,0.0
9,1788954180725656438,0.299721296,True,0.0,0.0016260162601626018,0.0,0.0,0.0,0.0,0.003797468354430379,0.00021097046413502107,0.00590717299578059,0.5832806319261223,2.2296729152295454,3.9746089746355597,0.10511014134599059,0.016618029301971565,0.06501039460151975,0.008431617044048472
10,1788954180757640144,0.331705002,True,0.0008130081300813009,0.003252032520325203,0.00040650406504065046,0.0,0.0,0.0,0.0008438818565400843,0.0,0.0065400843881856545,0.5331296639372185,1.938329811224633,4.097478607697073,0.08327227662113253,0.02009005635854763,0.04163064566292808,0.018424229460801883
11,1788954180793655299,0.36772015700000005,True,0.0008130081300813009,0.003252032520325203,0.00040650406504065046,0.0,0.0,0.0,0.0006329113924050633,0.0,0.006751054852320676,0.6631401276774429,2.2296253735696956,4.0679622560401745,0.11388949534273517,0.006485724775986846,0.06939765986046287,-0.011859693150120223
12,1788954180825677881,0.399742739,True,0.0,0.0,0.0,0.0,0.0,0.0,0.0008438818565400843,0.0,0.004852320675105486,0.49827757890540614,2.0767949425707366,4.23222985629833,0.10094613598799074,0.020934932428971067,0.055583669878668585,0.012433841106043366
13,1788954180857622824,0.431687682,True,0.0,0.0,0.0,0.0,0.0,0.0,0.0012658227848101264,0.0,0.004641350210970464,0.5269229141532694,2.202705703193264,4.2322297347425035,0.10308468081641302,0.018184088862139257,0.062275183314032215,-0.0046933695528642615
14,1788954180893696540,0.46776139800000005,True,0.0,0.0,0.0,0.0,0.0,0.0,0.0010548523206751054,0.0,0.0010548523206751054,0.7494338053319936,2.489132927314483,4.093820018897874,0.1235921358091975,0.00037944135505264993,0.0741705229511336,-0.005381769484900494
15,1788954180925639331,0.499704189,True,0.0,0.0,0.0,0.0,0.0,0.0,0.002320675105485232,0.0,0.0012658227848101266,0.7143548592674898,2.2872113091769797,4.020509124604054,0.10518811854195849,-0.0032908092399077595,0.06640755771398066,0.004514367251362829
16,1788954180957703034,0.5317678920000001,True,0.0,0.0,0.0,0.0,0.0,0.0,0.002742616033755274,0.0,0.0012658227848101266,0.4064357884866119,1.9848636851712609,4.082499731427374,0.08248963717057456,0.023080077219570866,0.041976835938877945,0.010359087100987418
17,1788954180993644071,0.567708929,True,0.0008130081300813009,0.0,0.0,0.0,0.0,0.0,0.0008438818565400843,0.0,0.00042194092827004215,0.5329131253210595,2.221937430469054,4.023378010445752,0.10541727486318953,0.014332035054462323,0.06596609358960195,-0.01452690383539138
18,1788954181025676654,0.599741512,True,0.0008130081300813009,0.0,0.0,0.0,0.0,0.0,0.0016877637130801686,0.0,0.00042194092827004215,0.47369482791755035,2.165816483167779,4.0304988808987865,0.10075368304689639,0.02075301178771392,0.058555779335953836,0.0
19,1788954181057639463,0.6317043210000001,True,0.0008130081300813009,0.0,0.0008130081300813009,0.0,0.0,0.0,0.0006329113924050632,0.0,0.0,0.4289456935865248,1.9380814284751886,4.064263341835618,0.08543187487626959,0.02076264171960811,0.049326782060831506,-0.0015158033373037704
20,1788954181093637152,0.6677020100000001,True,0.0008130081300813009,0.0,0.00040650406504065046,0.0,0.0,0.0,0.0008438818565400843,0.0,0.0,0.6991108014289247,2.032076532003141,4.007110468570367,0.10019487899246814,0.006296386041219903,0.07086756521997918,0.005018662766564127
21,1788954181125717079,0.699781937,True,0.0016260162601626018,0.0,0.00040650406504065046,0.0,0.0,0.0,0.0006329113924050632,0.0,0.0,0.8549913966283076,2.5849066131717207,4.361924848489913,0.13661829173857054,-0.01600669179608585,0.08350029287014156,0.012272633561176175
22,1788954181157709954,0.731774812,True,0.002032520325203252,0.0,0.0016260162601626018,0.00032679738562091506,0.0,0.0,0.0008438818565400843,0.0,0.0,0.6778038745071973,1.7836109911189246,4.090899201181765,0.0660857511894203,0.022387032840708927,0.0408010652063918,0.0050886605284578435
23,1788954181193664518,0.767729376,True,0.0012195121951219512,0.0,0.0,0.0,0.0,0.0,0.0,0.0,0.0,0.6802192157995697,2.5126702050051475,4.200851490861565,0.13360104273045195,-0.004103217264609421,0.08091083245550307,0.01928765658902279
24,1788954181225618954,0.799683812,True,0.0008130081300813009,0.0,0.0,0.0,0.0,0.0,0.0,0.0,0.0,0.5130576938301101,2.0176564306800877,3.9670116175399075,0.09358557826008555,0.014053210837278526,0.06850451308420498,-0.004012045603189149
25,1788954181257678801,0.831743659,True,0.0008130081300813009,0.0,0.0,0.0,0.0,0.0,0.0,0.0,0.0,0.4005437038829225,2.269451039544435,4.1440402046766796,0.11083611952154046,0.019213844406152484,0.061533438667588064,-0.003473446968364811
26,1788954181293651805,0.867716663,True,0.0,0.0012195121951219512,0.0,0.0,0.0,0.0,0.0,0.0,0.0,0.5267096071513724,2.0384496186138117,3.89614331316188,0.08953187059397474,0.014320196154841655,0.06193604783078064,-0.011727201284189774
27,1788954181325576973,0.8996418310000001,True,0.0,0.0016260162601626018,0.0,0.0,0.0,0.0,0.0,0.0,0.0,0.5644741770611126,2.2768527289594616,4.139909929466686,0.11654890139446718,0.0059139003061472,0.06786431943543807,0.005988104494191698
28,1788954181357686723,0.9317515810000001,True,0.0,0.0,0.0016260162601626018,0.0,0.0,0.00032679738562091506,0.00021097046413502107,0.0,0.0,0.41176899795289024,2.0528122016435897,3.9411253371196655,0.091418550179236,0.020192981303835303,0.06148928473363105,-0.001122869899853059
29,1788954181393641383,0.967706241,True,0.0,0.0,0.0020325203252032522,0.0,0.0,0.00032679738562091506,0.00021097046413502107,0.0,0.0,0.744641288885957,2.653261650392322,4.030666732897929,0.1365280625304287,-0.0017446364630003593,0.08697833201912455,-0.00354025929726221
30,1788954181425673746,0.999738604,True,0.0,0.0,0.004471544715447155,0.0,0.0,0.0,0.0,0.0,0.0,0.6225222139121138,2.411964858973753,4.054994959250787,0.12181641645657981,0.003999441040884841,0.08353942939292458,-0.0035234221207547708
31,1788954181457841449,1.031906307,True,0.0,0.0,0.006504065040650406,0.0,0.0,0.0,0.00021097046413502107,0.0,0.0,0.3753545260513136,1.9517414368363193,4.083024292813111,0.08361479998174785,0.02346535055411393,0.0483381656103751,-0.013124358452569325
32,1788954181493754825,1.067819683,True,0.0,0.0,0.002845528455284553,0.0,0.0,0.0,0.00021097046413502107,0.0,0.0,0.5864156619910532,2.445945618286007,4.013093557522297,0.12476624097685157,0.0013356217018602255,0.08846673414511455,-0.012881546787276989
33,1788954181525833579,1.099898437,True,0.0,0.0,0.004471544715447155,0.0,0.0,0.0,0.00021097046413502107,0.00021097046413502107,0.0,0.737611911759247,2.330764433475227,4.132048058493234,0.11736613341521258,-0.003216901056464453,0.0767253079387265,0.0005717341427243711
34,1788954181557917300,1.131982158,True,0.0,0.0,0.004878048780487806,0.0,0.0,0.0,0.00021097046413502107,0.00021097046413502107,0.0,0.43281113909672286,2.2890764074718972,4.128742915532276,0.10423255881864457,0.02140826484272143,0.059108398016967906,-0.005283262541788285
35,1788954181593728441,1.1677932990000002,True,0.0,0.0,0.0020325203252032522,0.0,0.0,0.0,0.00021097046413502107,0.0,0.0,0.6795158626418512,2.6133002389239133,4.116479700002359,0.1292199869949804,-0.004627388268327471,0.08385272229944116,0.0
36,1788954181625851204,1.199916062,True,0.0,0.0,0.0024390243902439024,0.0,0.0,0.0,0.00042194092827004215,0.0,0.0,0.5742745782207301,2.2213328074786607,4.074343677101199,0.10048809302458897,-0.0008578584886583644,0.07389805407214597,-0.0032969228377388985
37,1788954181657758619,1.231823477,True,0.0,0.0,0.0016260162601626018,0.0,0.0,0.0,0.0,0.00021097046413502107,0.0,0.4462277037271867,2.2294012693391827,4.019681097309238,0.10390154293468465,0.01651001523828352,0.06318242696897113,0.0023521007866185153
38,1788954181693786112,1.26785097,True,0.0,0.0,0.002845528455284553,0.0,0.0,0.0,0.0,0.00021097046413502107,0.0,0.49497758641717415,2.1232065678824785,3.933595040124004,0.09151034159421623,0.00937199112833498,0.0662636623151418,-0.009374185322393175
39,1788954181725743754,1.299808612,True,0.0,0.0,0.01016260162601626,0.0,0.0,0.00032679738562091506,0.0,0.00042194092827004215,0.00021097046413502107,0.5297623548000139,2.2420136560548265,4.054486233937924,0.10740821752364174,0.007880526679192656,0.06264525283011432,0.0
40,1788954181757619809,1.331684667,True,0.0,0.00040650406504065046,0.013414634146341465,0.0,0.0,0.0006535947712418301,0.0,0.00021097046413502107,0.00021097046413502107,0.6511022769277588,1.9261205188557637,4.258797920059105,0.0770705202192218,-0.004730983831859342,0.04474296576554285,-0.026679258820028334
41,1788954181793730000,1.3677948580000001,True,0.0,0.0,0.013821138211382113,0.0,0.0,0.0,0.00042194092827004215,0.00042194092827004215,0.00021097046413502107,0.7395692407502261,2.8856037243466592,4.28966202882023,0.16985812787836868,-0.027117635614726396,0.09616520174663304,-0.004167275452228468
42,1788954181825882250,1.399947108,True,0.0,0.0,0.015853658536585366,0.0,0.0,0.0,0.0006329113924050632,0.00042194092827004215,0.0,0.7536754179572973,1.6832832898710628,4.036781922338111,0.052201141899427435,0.0014558402506806266,0.04972429440461607,0.002405334616680725
43,1788954181857767710,1.4318325680000001,True,0.0,0.0,0.015853658536585366,0.0,0.0,0.0,0.00042194092827004215,0.0,0.0016877637130801686,0.4541661289291614,2.236000567108939,4.2757556141631605,0.11341974899180612,-0.004085751706584942,0.0638451083408468,-0.024426667156327443
44,1788954181893722887,1.467787745,True,0.0,0.0,0.005691056910569106,0.0,0.0,0.0,0.0006329113924050632,0.00021097046413502107,0.002109704641350211,0.6885225485777362,2.286185008743208,4.087319965538998,0.1090554481744234,0.003898643198818306,0.07925997252796108,0.009937038381955008
45,1788954181925761882,1.49982674,True,0.0,0.0,0.005691056910569106,0.0,0.0,0.0,0.00042194092827004215,0.00021097046413502107,0.002109704641350211,0.7598349936829218,2.4114972264571057,4.209500822214311,0.12312432651821176,-0.007402201286439312,0.0754574590707494,0.009833723313684074
46,1788954181957714155,1.5317790130000002,True,0.0,0.00040650406504065046,0.0016260162601626018,0.0,0.0,0.0,0.002320675105485232,0.00042194092827004215,0.00021097046413502107,0.4003986498514318,2.3838039283416834,4.006383129030775,0.10912194579304033,0.022626443698838476,0.060601222113878805,0.004055535416084331
47,1788954181993789132,1.5678539900000001,True,0.0,0.00040650406504065046,0.0028455284552845535,0.0,0.0,0.0,0.00379746835443038,0.00042194092827004215,0.00021097046413502107,0.5596867433764772,2.0970858838206685,3.955899296127324,0.08472709732335969,0.011246186449447589,0.05892313570303217,0.009017346304813002
48,1788954182025889566,1.599954424,True,0.0,0.0,0.005691056910569105,0.0,0.0,0.0,0.0008438818565400843,0.00042194092827004215,0.005485232067510549,0.5479958884603171,2.59197819660677,4.101322883345458,0.12571372986937454,0.0015196972563580138,0.07411766913773268,0.0
49,1788954182057924814,1.631989672,True,0.0,0.0,0.005691056910569105,0.0,0.0,0.0,0.0016877637130801686,0.0010548523206751054,0.00590717299578059,0.4988299155412166,2.1583108623006018,3.9249466085783267,0.09181241301644888,0.008016381125432006,0.05830371066003208,-0.022601614152537298
50,1788954182093712801,1.6677776590000002,True,0.0,0.00040650406504065046,0.014634146341463414,0.0,0.0,0.0,0.0010548523206751054,0.0,0.00590717299578059,0.6102039912749577,2.210124983265457,3.6747139218308345,0.10663142383833298,0.0011730859345125673,0.07470587303141704,-0.005771493444448084
51,1788954182125814841,1.699879699,True,0.0,0.0012195121951219512,0.015853658536585366,0.0,0.0,0.0,0.0016877637130801686,0.0014767932489451476,0.006962025316455696,0.3701989453051604,2.2529668399407377,3.801848141981032,0.1110851250264465,0.015599966440651156,0.07250662613546201,-0.010779703124740355
52,1788954182157915876,1.7319807340000002,True,0.0,0.0012195121951219512,0.017479674796747967,0.0,0.0,0.0,0.0016877637130801686,0.00042194092827004215,0.0010548523206751054,0.5053929955247864,2.035429474082133,3.9824153538829825,0.09464015316965696,0.01752818707756808,0.06392587500306052,0.002550879927271997
53,1788954182193847375,1.767912233,True,0.0,0.0,0.022764227642276424,0.0,0.0,0.0,0.004008438818565401,0.0010548523206751054,0.0010548523206751054,0.7682581832159945,2.5010586895663205,4.160552845251312,0.13488512052828344,-0.006134998481170868,0.0853492054460585,0.001629130262432646
54,1788954182225885633,1.7999504910000002,True,0.0,0.0,0.023983739837398373,0.0,0.0,0.0,0.00379746835443038,0.0010548523206751054,0.0010548523206751054,0.5968842686011817,2.3016306731094596,4.141205465060585,0.11591338930182887,0.010019443175451915,0.0850087812884935,0.00992158565422037
55,1788954182257818940,1.831883798,True,0.0,0.0,0.008130081300813007,0.0,0.0,0.0,0.006962025316455694,0.00021097046413502107,0.0012658227848101266,0.5713179646889879,2.2732436419710718,4.21759246817075,0.10573378004610676,0.006703755837521682,0.06978077325946877,-0.017581269691383013
56,1788954182293863166,1.867928024,True,0.0,0.0,0.00934959349593496,0.0,0.0,0.0,0.0071729957805907185,0.00042194092827004215,0.0012658227848101266,0.7003074965331548,2.3744298139963442,4.020773609374907,0.11694646423496335,-0.007228771916633997,0.08878284149020092,-0.0055219379641850705
57,1788954182325782733,1.8998475910000001,True,0.0,0.0,0.004878048780487805,0.0,0.0,0.0,0.007383966244725738,0.0,0.0018987341772151896,0.6270114697190259,2.359648180420593,3.8653498504417234,0.12120525459653461,-0.006223729239370519,0.08551686694458281,-0.003831198253777408
58,1788954182357753413,1.931818271,True,0.0,0.0,0.004471544715447155,0.0,0.0,0.0,0.008227848101265823,0.0,0.0018987341772151896,0.41728272968852265,2.0751109087841266,3.8213970889256417,0.09693853908689962,0.01217543351634406,0.06400256678574401,-0.017232291986739375
59,1788954182393627758,1.9676926160000001,True,0.0,0.0,0.00040650406504065046,0.0,0.0,0.0,0.005485232067510548,0.00042194092827004215,0.00042194092827004215,0.6238549342711841,2.2631359379638907,3.790657784310819,0.11514555642713262,-0.0037143746137858528,0.0837345000087579,-0.007399892116842483
60,1788954182425712972,1.9997778300000002,True,0.0,0.0,0.00040650406504065046,0.0,0.0,0.0,0.006118143459915612,0.0006329113924050632,0.00042194092827004215,0.5639327645397176,2.3332240903019343,4.011626840851009,0.12258729903605481,-0.0002957392335995562,0.08356287440045254,0.011416348896095038
61,1788954182457642069,2.031706927,True,0.0,0.0,0.00040650406504065046,0.0,0.0,0.0,0.002531645569620253,0.00042194092827004215,0.0008438818565400843,0.514682408948572,2.1577200289681704,4.036150818665146,0.09994353814234325,0.010659485148507652,0.06292193399161411,0.008228724221326637
62,1788954182493851682,2.06791654,True,0.0,0.0012195121951219512,0.0016260162601626018,0.0,0.0,0.0,0.002953586497890295,0.0010548523206751054,0.00021097046413502107,0.38959601855257353,1.7610988585908,3.3197780846874787,0.08142041906991125,0.05405277158496253,0.07127073474386199,0.0014983588157582012
63,1788954182525834821,2.099899679,True,0.0,0.0012195121951219512,0.0016260162601626018,0.0,0.0,0.0,0.00379746835443038,0.0008438818565400843,0.00021097046413502107,0.6237773768887711,2.5303002200246585,4.442113552248555,0.13263069199041708,-0.008963088504169313,0.0752003178852167,0.010465647144061178
64,1788954182557934772,2.13199963,True,0.0,0.0,0.0,0.0,0.0,0.0,0.002109704641350211,0.00021097046413502107,0.0,0.43498152079168073,1.6527253890812856,4.484563283971785,0.06230526418896472,0.031086552550877052,0.052201934294415414,0.02450175786958617
65,1788954182593812941,2.167877799,True,0.0,0.0,0.0008130081300813009,0.0,0.0,0.0,0.002742616033755274,0.00021097046413502107,0.0,0.47396360091852197,2.326919168852935,4.226252486388439,0.10716669753147554,0.01789665957620445,0.0634696460323197,0.00024215526941575886
66,1788954182625868276,2.199933134,True,0.0008130081300813009,0.0,0.0,0.00196078431372549,0.0,0.0,0.0018987341772151896,0.0,0.0,0.7292600192323972,2.0731593429667834,4.287537215942973,0.10244293726826706,-0.010548206542215055,0.07890395971790513,0.01608319232797569
67,1788954182657899879,2.231964737,True,0.0008130081300813009,0.0,0.0,0.0032679738562091504,0.0,0.0,0.002320675105485232,0.0,0.0,0.19972900050830167,2.441931454129876,3.795353064747826,0.12479145612023881,0.043712062446528,0.07950657502466216,-0.0030799728233707755
68,1788954182693811263,2.267876121,True,0.0012195121951219512,0.0,0.0,0.0016339869281045752,0.0,0.0,0.002953586497890295,0.0,0.0,0.5908423747241127,2.380552579442402,3.855166728451014,0.11762824768458026,0.0069376221328370105,0.08569508564884656,0.0
69,1788954182725662347,2.299727205,True,0.0016260162601626018,0.0,0.0,0.0016339869281045752,0.0,0.0,0.006329113924050634,0.0,0.0,0.6490588526696479,2.361226656559178,3.7150110971722636,0.12096285887534436,-0.0009756725575508921,0.08244539191199207,0.007922586890656712
70,1788954182757657442,2.3317223,True,0.0016260162601626018,0.0,0.0,0.002287581699346405,0.0,0.0,0.009282700421940928,0.0,0.00021097046413502107,0.30671536965786017,1.8879353969834336,3.8306030885322926,0.0853380791555423,0.024070217073211653,0.059973542939436214,0.007214824262162518
71,1788954182793530626,2.367595484,True,0.0024390243902439024,0.0,0.0,0.0029411764705882353,0.0,0.0,0.012236286919831224,0.0,0.00021097046413502107,0.5494048241516629,2.0285670512398033,3.9082060225370574,0.10265114569890134,0.005445506300782532,0.07634098579120414,-0.01355902569028392
72,1788954182825621815,2.399686673,True,0.0024390243902439024,0.0,0.0,0.00261437908496732,0.0,0.0,0.01540084388185654,0.0,0.00021097046413502107,0.5340806258265884,2.1101451835670697,4.0451215681980806,0.10756540852160268,0.01185257580244564,0.0789104461434567,0.0008198383188774475
73,1788954182857518445,2.431583303,True,0.0028455284552845526,0.0,0.0008130081300813009,0.00196078431372549,0.0,0.0,0.014978902953586495,0.0,0.0,0.5106456689172691,2.0597206654285474,3.8959867228905005,0.10036689343434012,0.018195684180962693,0.06788500062221886,-0.0072160694466296554
74,1788954182893533996,2.4675988540000002,True,0.0028455284552845526,0.0,0.0008130081300813009,0.002287581699346405,0.0,0.0,0.01540084388185654,0.0,0.0,0.6198774991459719,2.329991593570814,4.046397861801636,0.1194030664299936,-0.006558595027797329,0.08736713580092471,-0.002240344176285884
75,1788954182925534813,2.4995996710000004,True,0.004065040650406504,0.0,0.0,0.00196078431372549,0.0,0.0,0.015822784810126583,0.0,0.0,0.4343829478996928,2.141426133613901,3.866934380958992,0.10438537743980252,0.02089544419861356,0.07764442204441135,-0.01849761873392182
76,1788954182957614974,2.531679832,True,0.004065040650406504,0.0,0.0,0.0026143790849673205,0.0,0.0,0.018776371308016876,0.0,0.0,0.36310436987051187,2.015700817456643,3.9661160120939005,0.09745621656984467,0.017485818527481038,0.07492637013939056,-0.00562867850821161
77,1788954182993912847,2.567977705,True,0.004878048780487805,0.00040650406504065046,0.0,0.006535947712418301,0.0,0.0,0.013291139240506327,0.0,0.0,0.6100301992773627,2.233783080106537,3.8713804834287657,0.11831905802090731,0.0009762861616080878,0.09010167781774149,-0.01011080059670499
78,1788954183025622945,2.599687803,True,0.005284552845528456,0.0008130081300813009,0.0,0.006535947712418301,0.0,0.0,0.01729957805907173,0.0,0.0,0.5379644454662733,2.141305369053723,3.8925067794265766,0.11094398393910938,0.0031773141620363866,0.08621572361841337,0.007785623365167155
79,1788954183058080520,2.632145378,True,0.005691056910569106,0.0008130081300813009,0.0,0.005228758169934641,0.0,0.0,0.008227848101265822,0.0,0.0,0.41131315353128994,2.0247483823987777,3.8839918098435984,0.0969790011698916,0.015155149137695794,0.06735461544420704,-0.013947668514917112
80,1788954183093510112,2.66757497,True,0.005691056910569106,0.0008130081300813009,0.0,0.005228758169934641,0.0,0.0,0.009071729957805908,0.0,0.0,0.4985109505080454,2.265218546745048,3.9356939653139156,0.1122627933589613,0.014929352947107935,0.08167678093745019,0.005974589770478417
81,1788954183125627071,2.699691929,True,0.005691056910569106,0.0012195121951219512,0.0,0.005228758169934641,0.0,0.0,0.009071729957805908,0.0,0.0,0.6669095726159555,2.2236144529150974,3.914814089417771,0.11683956049677253,-0.006800732358888645,0.08625472692744161,-0.010435688091058274
82,1788954183157763585,2.7318284430000004,True,0.007317073170731709,0.0,0.0,0.0006535947712418301,0.0,0.0,0.006962025316455696,0.0,0.0,0.3388674032531245,1.8201553390688796,3.9841909013183088,0.08590614418048167,0.018328243783129416,0.06444102409667743,-0.005750846566119357
83,1788954183193735168,2.767800026,True,0.007317073170731709,0.0,0.0,0.0013071895424836603,0.0,0.0,0.007383966244725738,0.0,0.0,0.5638090975137271,2.102207612118424,3.9917140044832675,0.11331947970727776,0.007697934231558927,0.07868418784962915,-0.017360232466638162
84,1788954183225804967,2.799869825,True,0.008536585365853657,0.0,0.0,0.0006535947712418301,0.0,0.0,0.016455696202531643,0.0,0.00021097046413502107,-0.0006232363541829322,2.1428934684150853,3.308904541796294,0.11548341323756754,0.05350959575946507,0.12310241521049622,-0.033224306560348346
85,1788954183257859959,2.831924817,True,0.008536585365853657,0.0,0.0,0.0006535947712418301,0.0,0.0,0.019831223628691982,0.0,0.00021097046413502107,0.7032511511748105,2.4761339827979243,4.1160233944165405,0.14035173350137892,-0.014551254833868946,0.069359488321225,-0.009430065052341004
86,1788954183293638965,2.8677038230000003,True,0.00975609756097561,0.0,0.0,0.0006535947712418301,0.0,0.0,0.009704641350210971,0.0,0.0,0.5069431906505122,2.0085531285672524,3.795717968397809,0.09718233204010811,0.007946364232220044,0.07642662108535081,-0.00890273653247171
87,1788954183325838837,2.8999036950000003,True,0.00975609756097561,0.0,0.0,0.0006535947712418301,0.0,0.0,0.010970464135021098,0.0,0.0,0.6357130513947813,2.2524135407152452,3.8653310995698185,0.1150764726490831,-0.0013176031658592856,0.08415194625040827,0.016201972880775028
88,1788954183357723799,2.9317886570000002,True,0.00975609756097561,0.0,0.0,0.0,0.0,0.0,0.005063291139240506,0.0,0.0,0.4910263902701295,1.5810582276985048,3.984986306269449,0.06955979159193905,0.014333309606051269,0.05453331208326975,0.013507663914715962
89,1788954183393780150,2.9678450080000003,True,0.011788617886178862,0.0,0.0,0.0,0.0,0.0,0.009282700421940928,0.0,0.0,0.5680593161029652,2.1755637910313363,3.94755203194259,0.1218226639742685,0.00907592997817238,0.09675491015733977,0.0
90,1788954183425710010,2.9997748680000003,True,0.011788617886178862,0.0,0.0,0.0,0.0,0.0,0.010759493670886076,0.0,0.0,0.6007301170368093,1.8577487773750656,3.9037853648975287,0.09787090440303639,0.005761683100575896,0.08061990537043971,-0.006897868360847786
91,1788954183457820343,3.031885201,True,0.014227642276422764,0.0,0.0008130081300813009,0.0,0.0,0.0,0.01329113924050633,0.0,0.0,0.4543293417661076,2.095265683756147,4.015469203037137,0.11160407730330305,0.01736953120781006,0.07160712959680542,0.02137069433101723
92,1788954183493664420,3.0677292780000003,True,0.014227642276422764,0.0,0.0008130081300813009,0.0,0.0,0.0,0.016033755274261603,0.0,0.0,0.6571866418597592,1.8298313644782123,3.95615539198688,0.09360103312386336,0.0014590188921602637,0.07007096813277457,0.007405375768397119
93,1788954183525591616,3.099656474,True,0.014227642276422764,0.0,0.00040650406504065046,0.0,0.0,0.0,0.026582278481012654,0.0,0.0,0.4333398912250148,2.003536999031505,3.7933250457075784,0.11255450084619771,0.011909736591192606,0.08622279775539429,-0.0019940601100095446
94,1788954183557800529,3.1318653870000004,True,0.015040650406504064,0.0,0.00040650406504065046,0.0,0.0,0.0,0.0310126582278481,0.0,0.0,0.438999229929542,1.8700137660920988,3.8385170503096497,0.09643914163206024,0.016820960822884354,0.06621614068034332,0.004549394408601622
95,1788954183593745730,3.167810588,True,0.016666666666666666,0.0,0.0,0.0,0.0,0.0,0.032278481012658226,0.0,0.0,0.6734125552294936,2.027753330807299,3.891657964302894,0.11126540758632397,-0.004498164850962361,0.08718666236315217,0.001602827862527306
96,1788954183625705260,3.199770118,True,0.016666666666666666,0.0,0.00040650406504065046,0.0,0.0,0.0,0.036919831223628685,0.0,0.0,0.5763769569286992,2.0582901633380253,3.9560526138885925,0.11191130213754415,0.012842806700130365,0.0891180114029589,0.007809513661187904
97,1788954183657558126,3.2316229840000004,True,0.016666666666666666,0.0008130081300813009,0.0028455284552845526,0.0,0.0,0.0,0.0510548523206751,0.0,0.00021097046413502107,0.5087977869565103,1.9382360778076102,4.111477577465888,0.1035429355012504,0.009882311915168801,0.07809830341731976,-0.004918683843042042
98,1788954183693509657,3.267574515,True,0.016666666666666666,0.0008130081300813009,0.0032520325203252037,0.0,0.0,0.0,0.056329113924050635,0.0,0.00021097046413502107,0.5653491225547056,1.912778487773257,4.079276231227677,0.10640310197169739,0.006189287932001789,0.08889906270487191,-0.00700721804955262
99,1788954183725753400,3.299818258,True,0.016666666666666666,0.0008130081300813009,0.0036585365853658534,0.0,0.0,0.0,0.05907172995780591,0.0,0.0,0.6692647442660542,2.2165131665123514,4.096205248047743,0.12949107519620734,-0.007215721597310644,0.09986049015338631,-0.005646689261233871
100,1788954183757692413,3.3317572710000003,True,0.017479674796747967,0.00040650406504065046,0.0,0.00032679738562091506,0.0,0.0,0.0580168776371308,0.0,0.0,0.5190736522175838,1.642139962148941,3.9317760656833203,0.0733192288602377,0.020355809020976265,0.0497836365423067,0.006999545745234848
101,1788954183793509210,3.367574068,True,0.017479674796747967,0.00040650406504065046,0.0,0.0,0.0,0.0,0.05928270042194093,0.0,0.0,0.6384676563326426,2.1539603419480864,3.9488711464496404,0.12122974455147484,-0.003206936076679046,0.09705627282830195,0.0
102,1788954183826373718,3.400438576,True,0.017479674796747967,0.0,0.0,0.00032679738562091506,0.0,0.0,0.07236286919831224,0.0,0.0,0.5158969512658185,2.057708387752756,3.9630608699031304,0.10887604254961122,0.007911885774235827,0.08721460562179364,0.0
103,1788954183857630650,3.4316955080000002,True,0.01788617886178862,0.0,0.0,0.00032679738562091506,0.0,0.0,0.07616033755274262,0.0,0.00021097046413502107,0.3883120633607986,1.8397548964471055,4.106847794701059,0.09539654977020856,0.019481658832548786,0.07121020099451358,-0.0030544876114444943
104,1788954183893667831,3.4677326890000004,True,0.016666666666666666,0.0,0.0016260162601626018,0.0,0.0,0.0,0.06624472573839663,0.0,0.0,0.7963856160441309,2.2134704868158246,4.197889855520955,0.12074615870646517,-0.01207224590982881,0.08562397378976187,0.005316923430639552
105,1788954183925751077,3.4998159350000004,True,0.015853658536585366,0.0,0.002032520325203252,0.0,0.0,0.0,0.06455696202531645,0.0,0.0,0.9401933398887783,1.881844294857826,4.522658800473993,0.09640771001941478,-0.0321253253710204,0.08014183846396188,-0.005469333311854355
106,1788954183957929627,3.5319944850000002,True,0.015447154471544716,0.0,0.0032520325203252037,0.0,0.0,0.0,0.04767932489451476,0.0,0.0,0.22995689043807843,2.008754310074089,4.330485153779218,0.11583988106128595,0.022535796092878042,0.06322824404644427,-0.013310422416903892
107,1788954183995680113,3.5697449710000004,True,0.01138211382113821,0.0,0.0,0.0,0.0,0.0,0.04430379746835443,0.0,0.0,0.693610355650045,1.5590036304294776,4.27404410412372,0.06000320308315816,0.008131026550177717,0.050780429959805,0.0
108,1788954184027347718,3.6014125760000004,True,0.01178861788617886,0.0,0.0,0.0,0.0,0.0,0.04662447257383966,0.0,0.0,0.8479275316019785,2.362734739047082,4.385582739187689,0.13873037925678347,-0.017992112715895625,0.09004582934668978,0.027211229799631594
109,1788954184057555874,3.631620732,True,0.014634146341463414,0.0,0.0,0.0,0.00032679738562091506,0.0,0.0529535864978903,0.0,0.0,0.2794509361642743,1.6906216737004465,4.036626880612305,0.0712736808017191,0.03779686154609884,0.060111200036370806,0.004897185735791597
110,1788954184093783241,3.6678480990000004,True,0.014634146341463414,0.0,0.0,0.0,0.00032679738562091506,0.0,0.056540084388185655,0.0,0.0,0.5227704868004865,2.068988177875515,4.1288967764137094,0.10926153751530257,0.005179028661145477,0.07838745691543372,-0.007787791120152103
111,1788954184125720431,3.6997852890000003,True,0.01869918699186992,0.0,0.0,0.0,0.0,0.0,0.06624472573839663,0.0,0.0,0.6877558647074911,2.286682898521362,4.030291972145303,0.11760187337150918,0.0037126744329499073,0.0895454856561016,-0.007389711239970483
112,1788954184157762671,3.7318275290000003,True,0.019105691056910568,0.0,0.0,0.0,0.0,0.0,0.06751054852320675,0.0,0.0,0.45882417797352093,1.8176713725775004,4.045934437329654,0.08269419033666887,0.014358887158554285,0.05801702835085058,-0.015069494746881369
113,1788954184193593414,3.7676582720000003,True,0.015853658536585363,0.0,0.0,0.0,0.0,0.0,0.05527426160337553,0.00021097046413502107,0.0,0.5471659244050429,2.116344291932581,3.9031815190845855,0.10291468811156246,0.00877966540472274,0.07616482020926413,-0.02301464232613277
114,1788954184225783287,3.7998481450000003,True,0.015447154471544716,0.0,0.0,0.0,0.0,0.0,0.053797468354430375,0.0014767932489451476,0.0,0.6296580517452155,2.257624777162057,3.9870683687239223,0.1170789991445777,0.001652450153825335,0.09407013833987429,0.004218058512655957
115,1788954184257702315,3.8317671730000002,True,0.014634146341463417,0.0,0.0,0.0,0.0,0.0,0.057594936708860754,0.00042194092827004215,0.0,0.4153903890134558,1.7347344355495804,4.142682289724412,0.07170849757550511,0.027462329031335452,0.045566515781171046,0.000740016620374471
116,1788954184293675103,3.8677399610000003,True,0.014634146341463417,0.0,0.0,0.0,0.0,0.0,0.06223628691983122,0.0010548523206751054,0.0,0.6729318542408942,2.251358057235459,4.016827637467798,0.11998464283757414,0.0012259630194318358,0.09490581558737188,0.0
117,1788954184325647172,3.8997120300000003,True,0.014634146341463417,0.0,0.0,0.0,0.0,0.0,0.06286919831223628,0.0012658227848101266,0.0,0.6284133828578005,2.3425108377068593,4.049151382189489,0.12253818445562997,0.00478796085959696,0.09654998031576942,-0.006654885841570247
118,1788954184357809797,3.931874655,True,0.01138211382113821,0.0,0.00040650406504065046,0.0,0.0,0.0,0.050421940928270036,0.00021097046413502107,0.0,0.49733087106546137,1.9186763813613512,4.019171034809924,0.0868507417183676,0.020187952599744464,0.06085543444799292,0.005444361004787643
119,1788954184393602826,3.9676676840000002,True,0.01138211382113821,0.0,0.00040650406504065046,0.0,0.0,0.0,0.05042194092827005,0.00021097046413502107,0.0,0.4637792248463297,2.1128455270783837,3.9999328718211444,0.09825618292019526,0.02058197578160912,0.07267505619651862,-0.003362002802583017
120,1788954184425780003,3.999844861,True,0.00975609756097561,0.0,0.0,0.0,0.0,0.0,0.04514767932489451,0.0,0.0,0.7098402857682506,2.300265350667114,4.001290103751671,0.11600340241823845,-0.00474269046528303,0.08369904933152386,0.0
121,1788954184457690472,4.03175533,True,0.00934959349593496,0.0,0.0,0.0,0.0,0.0,0.04472573839662447,0.0,0.0,0.26260523424969273,1.925476994777398,3.9442100954101145,0.08599881724941051,0.03260497983694676,0.06672257490585082,0.00036110686388019306
122,1788954184493543407,4.0676082650000005,True,0.012195121951219513,0.0,0.0,0.0,0.0,0.0,0.042616033755274264,0.0,0.0,0.4471139725843818,2.1043437752479166,3.961109597970399,0.10522046499115087,0.015470803104808117,0.0801231723605156,0.0016234554415958955
123,1788954184525717609,4.099782467,True,0.011788617886178862,0.0,0.0,0.00032679738562091506,0.0,0.0,0.04135021097046414,0.00021097046413502107,0.0,0.8493478524402218,2.3236826880722545,4.049803095749392,0.12066233332391507,-0.014363033158188506,0.10393174024407391,-0.0053744644368146285
124,1788954184557801039,4.131865897,True,0.016260162601626015,0.0,0.0,0.0,0.0,0.0,0.0350210970464135,0.0,0.0,0.507411242126937,2.1075335832528133,3.864508700947329,0.10249093633706612,0.020702694627281193,0.07729927033920009,-0.0011094404630320291
125,1788954184594202743,4.168267601,True,0.01707317073170732,0.0,0.0,0.0,0.0,0.0,0.03375527426160337,0.0,0.0,0.3810217962411788,2.008419424013194,4.019946053833656,0.09560353826059151,0.019405673861778234,0.07457823948231417,0.0006990399601470824
126,1788954184625633484,4.1996983420000005,True,0.01707317073170732,0.0,0.0,0.0,0.0,0.0,0.03396624472573839,0.0,0.0,0.22575701990552766,2.1366672580040618,3.0028622237152156,0.11068452730855922,0.06748706713194126,0.0993967999426792,0.013349802886189232
127,1788954184658364837,4.232429695,True,0.016666666666666666,0.0,0.0,0.0,0.0,0.0,0.02911392405063291,0.0,0.0,0.47085658419305965,2.3916476540557166,3.8276543479450007,0.11488056981923084,0.019673570200668414,0.07741453428459749,0.005540158130191222
128,1788954184693681591,4.2677464490000006,True,0.016666666666666666,0.0,0.0,0.0,0.0,0.0,0.02848101265822785,0.0,0.0,0.4862497006122741,1.7925271979458066,3.8683094266497866,0.07370818715879167,0.025737416182161597,0.06545137047772272,-0.005710214156032045
129,1788954184725629441,4.299694299,True,0.015040650406504066,0.0,0.0,0.0,0.0,0.0,0.018143459915611816,0.0,0.0,0.5845408909722702,2.3220815456266726,4.002075495001616,0.1216797503845261,0.00751148406982485,0.09133697046298046,0.0001068934846029307
130,1788954184757810890,4.331875748,True,0.015447154471544714,0.0,0.0,0.0,0.0,0.0,0.02067510548523207,0.00021097046413502107,0.0,0.41477747508737584,1.7906651929160764,4.163315774132867,0.07613775787116514,0.02428501182559851,0.0582941663721453,-0.00031947343433521127
131,1788954184793697129,4.367761987000001,True,0.016260162601626015,0.0,0.0,0.0,0.0,0.0,0.02341772151898734,0.0006329113924050633,0.0,0.6206519354752771,2.3616356488782957,4.178976815545116,0.1241048494427232,-0.006529304125336286,0.0911573022415189,0.001359942293558564
132,1788954184825755651,4.399820509,True,0.016666666666666666,0.0,0.0,0.0,0.0,0.0,0.02721518987341772,0.0006329113924050633,0.0,0.6945209766804956,2.1341924473904226,3.9879777253978257,0.10063905982458253,0.0012838375339903245,0.08371551333940232,0.0023515147310876434
133,1788954184857811135,4.431875993,True,0.01788617886178862,0.0,0.0,0.0,0.0,0.0,0.0310126582278481,0.0,0.0,0.48762298795745607,2.252623362554097,3.9486211797149595,0.11296460897700304,0.015330155343691271,0.07867804064797052,0.006014106181455827
134,1788954184893658161,4.467723019,True,0.01829268292682927,0.0,0.0,0.0,0.0,0.0,0.036497890295358645,0.00021097046413502107,0.0,0.6377423150956216,2.135545359889962,3.8245416028995667,0.10387095770734957,-0.0036205970568122803,0.08793769776230687,0.0
135,1788954184925763218,4.499828076,True,0.01829268292682927,0.0,0.0,0.0,0.0,0.0,0.03312236286919831,0.00042194092827004215,0.0,0.6221418548421755,2.220228998249549,3.870080331786678,0.11207636673148745,-0.0006019663183456788,0.08573074386519101,0.010947688487342035
136,1788954184957699250,4.531764108,True,0.02357723577235773,0.0,0.0,0.0,0.0,0.0,0.04092827004219409,0.00042194092827004215,0.0,0.494180047178576,1.8479476842833171,3.944253697295262,0.07956046173683748,0.014228744609384166,0.06098589336630817,0.011945662020465674
137,1788954184993676704,4.567741562,True,0.024390243902439025,0.0,0.0,0.0,0.0,0.0,0.0419831223628692,0.00042194092827004215,0.0,0.39259382224438033,1.821305978284349,4.032069141972248,0.08475531592512728,0.021510136637791666,0.05841668925727876,0.02709075226694542
138,1788954185025736760,4.599801618,True,0.027642276422764234,0.0,0.0,0.0,0.0,0.0,0.04578059071729958,0.0,0.0,0.8027884291440142,2.270443842048109,4.026236422337307,0.12742164882849102,-0.008456957679671738,0.10248262209592002,0.0024304876990567585
139,1788954185057550237,4.631615095,True,0.028048780487804882,0.0,0.0,0.0,0.0,0.0,0.052109704641350195,0.0,0.0,0.2790227714865954,1.715041534230252,4.051242818802845,0.08338898068043597,0.02356420312653575,0.06337737386969867,-0.0035185656513512884
140,1788954185093516134,4.667580992,True,0.028455284552845527,0.0,0.0,0.0,0.0,0.0,0.058227848101265814,0.00021097046413502107,0.0,0.6271621366992324,1.9402068870005813,3.9759404859212073,0.10103263702990005,0.0013027751984429773,0.08185251755382628,0.0033560169141115953
