person,scan,curve,hand,frames_force,frames_velocity,duration_force_s,force_publish_hz,velocity_publish_hz,tcp_publish_hz,us_publish_hz,discard_s,comparison_samples,my_median_nm,my_mad_nm,my_abs_p95_nm,my_excess_rms_nm,my_active_fraction,predicted_rms_rad_s,predicted_abs_p95_rad_s,actual_rms_rad_s,actual_abs_p95_rad_s,actual_to_predicted_rms,zero_lag_corr,sign_agreement,excitation_reliable,apparent_lag_s,apparent_lag_ms,best_corr,lag_zero_corr,lag_corr_gain,lag_grid_dt_s,interpretation,initial_condition_spread_post_discard_rad_s
chenwei,LH_Per_C_DtP,C,LH,991,952,4.949119897,200.03556604076346,192.34223752118893,192.35743320283518,30.001559805585362,1.2,745,-0.01852236377334794,0.022679310338632443,0.048538468572255106,0.009164789279149248,0.28993288590604027,0.02738406156999857,0.061733298028341176,0.029177228919147227,0.06763028157052504,1.0654821544483093,0.943246214275435,0.5350500715307582,True,0.030036980999998963,30.036980999998963,0.947592169232753,0.9419545620625595,0.00563760717019357,0.005006163499999827,mixed replay agreement,0.0
chenwei,LH_Per_C_PtD,C,LH,997,911,4.980181387,199.99271564684477,182.9219650810367,182.92506421112006,29.993696659581005,1.2,711,-0.009800875209659554,0.029065213053757227,0.050092324256562855,0.010563686947853314,0.2672292545710267,0.015155827842695813,0.0369234268603606,0.016629022106599795,0.04329752405428901,1.0972031537435267,0.9096532990101595,0.5201793721973094,True,0.035075715500000104,35.0757155000001,0.9313690500077879,0.9256519531098637,0.005717096897924212,0.005010816500000015,mixed replay agreement,0.0
chenwei,LH_Per_L_DtP,L,LH,948,884,4.734552108,200.01892014238234,186.8835955654051,186.8855937644754,30.00034995089065,1.2,692,-0.004602137929679831,0.011792744029071517,0.02431063997179036,0.003083230173467016,0.02601156069364162,0.000850013923993785,0.0005263044342103545,0.0038579243490639366,0.008758300129536403,4.538660179750355,0.15548115111617578,0.10238907849829351,False,nan,nan,nan,nan,nan,nan,weak torque excitation; apparent lag omitted,0.0
chenwei,LH_Per_L_PtD,L,LH,945,911,4.718918233000001,200.04584809257486,193.02902429198352,193.05271992832172,29.994123345680123,1.2,703,0.010060737734243342,0.011099638430266021,0.031269004438700634,0.0049455117499715255,0.05547652916073969,0.001308756051160602,0.0017247542374533666,0.005420701023380858,0.011319853810444232,4.1418727489922915,0.101226313625274,0.13495934959349593,False,nan,nan,nan,nan,nan,nan,weak torque excitation; apparent lag omitted,0.0
chenwei,LH_Per_S_DtP,S,LH,1086,992,5.425008297,199.9996941202835,182.8420730561807,182.85686319568777,29.99979727359216,1.2,786,0.007026994260337244,0.024221789365288703,0.04909335422851034,0.010537786937034393,0.2862595419847328,0.027894757500252037,0.06798628434590409,0.029173201403294727,0.06981773131030773,1.0458309739036498,0.9580201823677318,0.5540540540540541,True,0.04498844400000013,44.98844400000013,0.9452938167879514,0.9364662267722835,0.008827590015667908,0.004998716000000014,mixed replay agreement,0.0
chenwei,LH_Per_S_PtD,S,LH,1144,1026,5.716732370000001,199.93939299978106,179.44648720518998,179.47315592106332,30.015566190923252,1.2,826,-0.0013491060016643957,0.039221937014045374,0.06658939991824364,0.01740086277319126,0.4430992736077482,0.06297629791926292,0.13640105562653165,0.06613152993148735,0.14368430939127197,1.050101897324443,0.9648432062180834,0.6456996148908858,True,0.030045051000001877,30.045051000001877,0.9686559312573652,0.9675005552135674,0.0011553760437977845,0.005007508500000313,mixed replay agreement,0.00011497778103866657
chenwei,RH_Per_C_DtP,C,RH,1280,1155,6.395260250000001,199.99186115998953,180.59713571707996,180.60250167301635,30.01157553696379,1.2,968,0.02083836522641777,0.04003973507892628,0.07454248272284993,0.022646531541464607,0.5826446280991735,0.07732557801197334,0.16580711277090235,0.08102029507635566,0.17224111613776233,1.047781305479672,0.9858899395511947,0.79596174282678,True,0.03006647999999501,30.06647999999501,0.9872688904126404,0.9851594460859125,0.002109444326727883,0.005011079999999168,mixed replay agreement,0.0
chenwei,RH_Per_C_PtD,C,RH,1278,1175,6.384360249,200.0200411936372,184.02874316096765,184.04349914058238,30.004663157353477,1.2,978,0.019866055120746753,0.013347539288485394,0.043746592592409636,0.007610709715100884,0.23824130879345604,0.015919722097981138,0.034124216874452724,0.016519425530924257,0.03801391059881224,1.0376704712087386,0.924415973682538,0.5016251354279523,True,0.029800922999999813,29.800922999999813,0.9486333984349844,0.9394036195385244,0.009229778896460039,0.004966820499999969,mixed replay agreement,0.0
chenwei,RH_Per_L_DtP,L,RH,1246,1170,6.230934642000001,199.80951037553825,187.76806751225377,187.77279288303595,30.082470886414317,1.2,969,-0.021933876044278388,0.016036852726063738,0.05094244581830197,0.011649172271624344,0.3106295149638803,0.034188778995343845,0.08646139731445125,0.0346337643730478,0.08757826612821085,1.01301553874634,0.9673190594374744,0.535832414553473,True,0.025065609999996852,25.065609999996852,0.9453051070361429,0.9388303202097756,0.0064747868263672625,0.00501312199999937,mixed replay agreement,0.0
chenwei,RH_Per_L_PtD,L,RH,1252,1147,6.262538844,199.75924000831634,183.2076932741461,183.15255658636198,30.005658483122556,1.2,946,0.003032092489754111,0.010296674160912426,0.02050406636073811,0.00036030327291645926,0.0010570824524312897,7.024142220792028e-05,9.583854282842402e-05,0.0034065093904748754,0.007777195636248796,48.49715856252643,0.054182202222610894,0.05121638924455826,False,nan,nan,nan,nan,nan,nan,weak torque excitation; apparent lag omitted,0.0
chenwei,RH_Per_S_DtP,S,RH,1365,1244,6.820430379,199.9873797113647,182.51100451019386,182.5187916975697,29.994163853800927,1.2,1039,-0.02229097086508677,0.056222725890731705,0.0782329806172291,0.025265710513474437,0.6429258902791145,0.09785296804994573,0.19724798135264468,0.10101566068237469,0.20491723152567948,1.0323208656360292,0.9867130888172776,0.8641251221896383,True,0.024946261250000656,24.946261250000656,0.9866025694668548,0.9856051874538021,0.0009973820130526612,0.004989252250000131,mixed replay agreement,0.0
chenwei,RH_Per_S_PtD,S,RH,1345,1203,6.720068289,199.99796760993897,179.2077608475067,179.16166383845035,30.012760219132215,1.2,1010,0.027226983458764994,0.03962284406224508,0.07251344300572944,0.02133636771695601,0.5118811881188119,0.07539685010943546,0.12501146850852873,0.0782317810093389,0.14053548798810528,1.0376001238219985,0.9760728359480795,0.7162022703818369,True,0.030052242000000007,30.052242000000007,0.9250730120747654,0.9180834370692019,0.00698957500556352,0.005008707000000001,mixed replay agreement,0.0
dianye,LH_Per_C_DtP,C,LH,1117,990,5.579803945000001,200.00702730783846,177.55685201933596,177.5673685053855,29.98591989454783,1.2,808,-0.033713459854727804,0.033668986253509975,0.07184139575166519,0.022778653532364655,0.5358910891089109,0.09312738171986316,0.15981904904059618,0.09602434497876705,0.16607654880034428,1.0311075347057244,0.952136802183371,0.6982872200263505,True,0.009948717000000329,9.948717000000329,0.9173876536869606,0.9167496813685274,0.0006379723184332109,0.0049743585000001644,mixed replay agreement,9.659847790581979e-05
dianye,LH_Per_C_PtD,C,LH,1158,1033,5.788491334000001,199.87936981162972,178.5047752522036,178.4575531680324,30.013193097064473,1.2,842,-0.021268865425910333,0.031592044587135486,0.06847628876902989,0.01892046551089465,0.42042755344418054,0.05651405863021582,0.10557480898735735,0.058903860217150585,0.11450661071845532,1.0422868511810799,0.9627668368872774,0.621859296482412,True,0.015006649499998304,15.006649499998304,0.9554716869364385,0.9424844674407739,0.012987219495664615,0.0050022164999994345,mixed replay agreement,0.0
dianye,LH_Per_L_DtP,L,LH,1071,975,5.360651316,199.60261112420392,181.8700492244667,181.88088396831665,29.99843422889538,1.2,773,-0.03011638539315797,0.014372418204551856,0.05417944991218612,0.013423256647523816,0.5032341526520052,0.04156962703706109,0.07708944261448135,0.04227734710522197,0.08424905783107249,1.017024931869846,0.9745184976417192,0.7789473684210526,True,0.02506072000000026,25.06072000000026,0.8760198268809877,0.8535116384922183,0.022508188388769335,0.005012144000000052,mixed replay agreement,0.0
dianye,LH_Per_L_PtD,L,LH,1093,964,5.46055104,199.9798174215033,176.52887588978558,176.53895970176666,30.005142754452475,1.2,779,-0.00041789093830600556,0.014403803571238296,0.02652963332519725,0.0018983360319942226,0.03080872913992298,0.0004037766027517334,0.0006731122708034265,0.004061493708777066,0.008356884037586354,10.058764378862044,0.047019432969706745,0.06475903614457831,False,nan,nan,nan,nan,nan,nan,weak torque excitation; apparent lag omitted,0.0
dianye,LH_Per_S_DtP,S,LH,1272,1131,6.355662153,199.9791633669613,178.09117168758104,178.1002071313597,29.999723859684664,1.2,935,-0.005312977976762015,0.0319720484726049,0.07795209289266439,0.02125476073658678,0.3411764705882353,0.08342562959810923,0.19308415005288002,0.08740797469245652,0.202880791554233,1.0477352716848727,0.9785527747251049,0.5397536394176932,True,0.035028369249999525,35.02836924999953,0.968916199361937,0.9636552773060518,0.005260922055885131,0.005004052749999932,mixed replay agreement,0.00010098160290248063
dianye,LH_Per_S_PtD,S,LH,1313,1232,6.563638486000001,199.88913204138947,187.68159754923445,187.70077033154865,30.065748483879762,1.2,1035,-0.008048427232899742,0.037685758798698295,0.0714794794645542,0.019961009359348563,0.43091787439613527,0.07166685510573761,0.1777369046945613,0.0727974847022162,0.18262230811953867,1.015776185445984,0.9789339714480313,0.6550308008213552,True,0.03509280424999961,35.09280424999961,0.9846473235236881,0.9813777254612858,0.0032695980624023457,0.005013257749999944,mixed replay agreement,0.0
dianye,RH_Per_C_DtP,C,RH,1279,1145,6.390788019,199.97533890976644,179.28467058833283,179.29248745134345,29.992126575279975,1.2,951,0.002510952517407006,0.017247820647296467,0.027762687248569146,0.0020795395083590975,0.03785488958990536,0.0004084586999756668,0.0008722663553472344,0.0036905830966208475,0.00786677781425808,9.03538863743313,-0.0730132078426718,0.13341346153846154,False,nan,nan,nan,nan,nan,nan,weak torque excitation; apparent lag omitted,0.0
dianye,RH_Per_C_PtD,C,RH,1294,1224,6.465657829,199.97965159872675,189.2911628497539,189.30788364798264,29.98684867865106,1.2,1020,0.011936023552630931,0.02017729584544513,0.04048532542031226,0.006510792413085283,0.18235294117647058,0.0073814427430522215,0.01719741338346352,0.007804550285311064,0.01763942822153193,1.057320439511245,0.7008007195713494,0.4629237288135593,False,nan,nan,nan,nan,nan,nan,weak torque excitation; apparent lag omitted,0.0
dianye,RH_Per_L_DtP,L,RH,1244,1191,6.214628485,200.0119561451146,191.63242045885406,191.6446015839352,30.010896732738587,1.2,988,-0.018922584332683907,0.015970951289220825,0.046506068064223215,0.008802246087491486,0.25303643724696356,0.010433346782610766,0.02454072928693115,0.011592859450389775,0.026629129428102312,1.1111352562067203,0.6970330107477053,0.5290948275862069,True,0.03502545900000431,35.02545900000431,0.7182795688661656,0.4214567369686776,0.29682283189748804,0.005003637000000616,mixed replay agreement,6.601876956361906e-05
dianye,RH_Per_L_PtD,L,RH,1271,1170,6.349888877000001,200.00349999825673,184.31700277165257,184.2551929117798,29.998708427036323,1.2,968,-0.009981066991358013,0.011866921223631172,0.03130608736880113,0.003534854793979948,0.060950413223140494,0.0009070654534167735,0.0019114868262145146,0.0044484895413660925,0.008075964068518099,4.904265204467141,0.08053422902326558,0.1581450653983353,False,nan,nan,nan,nan,nan,nan,weak torque excitation; apparent lag omitted,0.0
dianye,RH_Per_S_DtP,S,RH,1468,1327,7.334663507000001,200.00917541751377,181.09021468673708,181.03704819303016,30.000456109674154,1.2,1136,-0.007143325642001205,0.03288213030556511,0.07940345924170235,0.021584420019021635,0.3503521126760563,0.07224317379964515,0.1711759751260401,0.07349279488381179,0.1741228653594721,1.0172974278183329,0.9750667517230546,0.5153488372093024,True,0.025016315000003786,25.016315000003786,0.9853100489315244,0.9813149453312978,0.0039951036002265905,0.005003263000000757,mixed replay agreement,0.0
dianye,RH_Per_S_PtD,S,RH,1371,1255,6.850034216000001,199.99900099769076,183.3985822588757,183.35374123052128,29.999367330989674,1.2,1057,-0.015207986500971096,0.026758697093648587,0.06898127653569486,0.017737730944640397,0.30368968779564803,0.059241965030776486,0.13063115955351118,0.06155057546385528,0.13968980724087537,1.038969173826011,0.9737601012578623,0.4726720647773279,True,0.029626810500000156,29.626810500000154,0.9671725157386091,0.9482683452029712,0.018904170535637865,0.004937801750000026,mixed replay agreement,9.077106835127828e-05
yameng_1,LH_Per_C_DtP,C,LH,1095,984,5.470108174,199.99604490454087,179.8674191361654,179.88675336934938,29.993307966280973,1.2,797,-0.011145427888027446,0.038781801506335256,0.05315296522236914,0.012694465448382897,0.410288582183187,0.039903823648187606,0.07895297274135993,0.041032843581214416,0.08441477286425074,1.0282935275321188,0.9674359390000287,0.701058201058201,True,0.020014621000000066,20.014621000000066,0.9531405446047173,0.9468450281700521,0.006295516434665194,0.005003655250000016,mixed replay agreement,0.0
yameng_1,LH_Per_C_PtD,C,LH,1107,1016,5.541385442,199.58907597678711,183.32891849151048,183.34765026439032,30.094289771713886,1.2,819,-0.02493671229613345,0.026300004574225187,0.059523796167558096,0.01618749510983934,0.4297924297924298,0.05303970122930346,0.10109135777271344,0.05574055519436089,0.10953762531510751,1.0509213646091442,0.9754743346106466,0.6482939632545932,True,0.009911241000000404,9.911241000000404,0.969527543072288,0.9669737024263977,0.0025538406458902596,0.004955620500000202,mixed replay agreement,0.0
yameng_1,LH_Per_L_DtP,L,LH,1037,953,5.185961507000001,199.7700905804274,183.76103211045253,183.7653439412619,29.98019961584784,1.2,748,-0.0005302472373939623,0.009964328240101081,0.017703638002662753,0.0004477819524269477,0.001336898395721925,6.689245687430515e-05,0.0,0.0029549905652989173,0.006657305108283508,44.175243418723845,-0.019894378617353603,0.013422818791946308,False,nan,nan,nan,nan,nan,nan,weak torque excitation; apparent lag omitted,0.0
yameng_1,LH_Per_L_PtD,L,LH,1040,917,5.195232760000001,199.99103947750743,176.49963279588596,176.50797228188097,29.992096074562927,1.2,728,-0.0016320451501890495,0.011264726681293575,0.026560088445883222,0.0027885915658516025,0.03571428571428571,0.0006086039665431341,0.0008767536710562185,0.0031483419803259886,0.006563693646626605,5.173055309199753,0.019670564066937422,0.08053691275167785,False,nan,nan,nan,nan,nan,nan,weak torque excitation; apparent lag omitted,0.0
yameng_1,LH_Per_S_DtP,S,LH,1244,1175,6.214236639000001,200.02456813424865,189.05902703038674,189.08195298289795,30.000097679350297,1.2,978,0.0168526558691959,0.024791427854032703,0.05985321448209019,0.014953981464941094,0.4437627811860941,0.04869761029454621,0.11395268433222355,0.05093966715749282,0.12517116123113664,1.0460403878010767,0.9702501280924689,0.7364583333333333,True,0.030040092000001906,30.040092000001906,0.9604060249902131,0.952230177116511,0.008175847873702069,0.005006682000000318,mixed replay agreement,0.0
yameng_1,LH_Per_S_PtD,S,LH,1249,1113,6.240252215,199.99191651262447,178.39810882981976,178.3581755437108,30.004515711705004,1.2,925,-0.009296899459022992,0.028134675538769874,0.06619764974377348,0.016536153223606468,0.3254054054054054,0.05850266075043228,0.14245966977740862,0.058454333469941715,0.13963444389881613,0.9991739302132475,0.9760005587302178,0.4982658959537572,True,0.034923712250000793,34.92371225000079,0.9834113949764978,0.981519988974733,0.0018914060017647394,0.004989101750000113,mixed replay agreement,0.0
yameng_1,RH_Per_C_DtP,C,RH,1271,1179,6.348858347,200.03596404070157,185.67541508515512,185.70267842833633,29.99309611336459,1.2,991,-0.002445382937786426,0.02062823419017037,0.043845352485981384,0.007191072102956748,0.15338042381432895,0.013929118839324706,0.03624710328491029,0.014316654959133545,0.03715420121493908,1.0278220125967155,0.9037330810153125,0.32819383259911894,True,0.030046792500002084,30.046792500002084,0.8831432435190517,0.8683049238337307,0.01483831968532101,0.005007798750000347,mixed replay agreement,0.0
yameng_1,RH_Per_C_PtD,C,RH,1294,1216,6.4634828440000005,200.04694546381933,188.10565732676056,188.13386363805438,30.009795716662424,1.2,1021,0.014377514632932324,0.01842900685572529,0.04698835692834975,0.008921586055118742,0.21253672869735554,0.014535348214777293,0.03468573950591712,0.015577576062239291,0.03640351294000689,1.071702984480442,0.8925128392772541,0.4598698481561822,True,0.03508272950000069,35.08272950000069,0.91258081652826,0.9067311382649357,0.005849678263324276,0.005011818500000098,mixed replay agreement,0.0
yameng_1,RH_Per_L_DtP,L,RH,1234,1162,6.170088633000001,199.83505478437425,188.31659812818924,188.32792673109722,30.002002272005896,1.2,961,-0.023922356980747975,0.013478566974714477,0.045845264210285806,0.008805612785195954,0.3350676378772112,0.02219104376327483,0.039725827890363156,0.023653996323740527,0.0444266401496079,1.0659253605225554,0.9176062280501522,0.6716577540106952,True,0.03003787050000195,30.03787050000195,0.8862222004314938,0.8517372870631922,0.03448491336830162,0.005006311750000325,mixed replay agreement,3.429802787202824e-05
yameng_1,RH_Per_L_PtD,L,RH,1234,1182,6.169270305,199.8615620717238,191.65758562340753,191.59478213201746,30.009208839477,1.2,975,-0.003921418082532837,0.010307353163076363,0.02241710505388468,0.001000308492505314,0.009230769230769232,0.00019242326610438275,0.0002196395613296063,0.0032142857919437995,0.006465402280655222,16.704247137142783,0.05489839322507066,0.07026348808030113,False,nan,nan,nan,nan,nan,nan,weak torque excitation; apparent lag omitted,0.0
yameng_1,RH_Per_S_DtP,S,RH,1503,1350,7.518700163000001,199.7685726838047,179.53359760007697,179.55231233231447,30.004972227965133,1.2,1165,-0.0018185242894997247,0.03890344632742868,0.07958270550477514,0.023281494765191525,0.4240343347639485,0.08762254252248622,0.2103802657735318,0.09044569302766817,0.2180483091495829,1.0322194543083185,0.977901183479489,0.6147614761476148,True,0.035010074750001285,35.01007475000129,0.9852813483343554,0.9814233663914497,0.003857981942905764,0.005001439250000184,mixed replay agreement,0.0
yameng_1,RH_Per_S_PtD,S,RH,1432,1294,7.155676778000001,199.9810841651741,181.02105831789493,180.97006409982046,30.002171772701463,1.2,1103,-0.0032853428281000114,0.024341080012360804,0.05932245669481456,0.013783405055196835,0.27379873073436084,0.05044047934707338,0.12702839917970268,0.05198422403042116,0.12872799942773236,1.0306052738461406,0.9717657548920842,0.39399806389157793,True,0.02475896249999998,24.75896249999998,0.9638515305545511,0.9585015524247357,0.005349978129815414,0.004951792499999996,mixed replay agreement,0.0
yameng_2,LH_Per_C_DtP,C,LH,1042,926,5.204959334000001,200.00156258665592,177.97198078610913,177.90724971685242,29.997808648540605,1.2,725,-0.021919024586474267,0.03131815193029821,0.06272793371782111,0.01627842190936521,0.4110344827586207,0.055386251328266786,0.10203084996053141,0.05691421544239426,0.11060158758933289,1.0275874260756779,0.9738140896101628,0.6211453744493393,True,0.005003201000000068,5.003201000000068,0.9604056956643395,0.9593696576780212,0.00103603798631835,0.005003201000000068,mixed replay agreement,0.0
yameng_2,LH_Per_C_PtD,C,LH,1034,920,5.1646759630000005,200.01254820253277,178.10544766595834,178.1331503836691,30.011397542681717,1.2,728,-0.02519898631831007,0.02870687480329806,0.06477999029749355,0.01762544859611566,0.43543956043956045,0.054956934165711346,0.10617504828956792,0.05702823469153467,0.11094609369097472,1.0376895210270962,0.9525531333590771,0.6463768115942029,True,0.025098362500002303,25.098362500002303,0.9580639725034923,0.9441515490450085,0.013912423458483758,0.0050196725000004605,mixed replay agreement,0.0
yameng_2,LH_Per_L_DtP,L,LH,953,842,4.759928951,200.00298529666014,176.86427942467253,176.893396659441,30.00593495839918,1.2,646,-0.009933967237297114,0.008272159674625528,0.022616149520100853,0.0004894625173795719,0.0015479876160990713,9.771058309205859e-05,0.0001336858213703711,0.003108482402020766,0.0065486142267309495,31.813159881484808,0.0353801451545013,0.06994328922495274,False,nan,nan,nan,nan,nan,nan,weak torque excitation; apparent lag omitted,0.0
yameng_2,LH_Per_L_PtD,L,LH,961,870,4.801143812,199.952352520783,181.19195488033168,181.2068194719596,29.999552569173243,1.2,678,0.0063579967944386185,0.009952447203932336,0.020911834401740773,0.0006092942509623374,0.004424778761061947,8.967948088383451e-05,9.345900384861099e-05,0.0028480709989325555,0.0060106706121827655,31.758335026735693,-0.12204564109090262,0.04929577464788732,False,nan,nan,nan,nan,nan,nan,weak torque excitation; apparent lag omitted,0.0
yameng_2,LH_Per_S_DtP,S,LH,1098,1005,5.485686610000001,199.97496721745827,183.29193579838218,183.20404927397044,29.991097744285284,1.2,808,0.0004876955434712296,0.025787853235312023,0.05372040851759853,0.011165571096614717,0.2784653465346535,0.0353377477809172,0.0888453334199059,0.036868502840582816,0.09167871082961525,1.043317844395625,0.9545321753553482,0.48460508701472554,True,0.03505796699999886,35.057966999998854,0.9425707507242254,0.9328553220175196,0.00971542870670572,0.005008280999999837,mixed replay agreement,0.0
yameng_2,LH_Per_S_PtD,S,LH,1094,1007,5.469364796,199.84039111806212,184.09945931858158,184.116444515909,29.984133452459936,1.2,813,-0.002066769932834722,0.03322081988843952,0.05623024905216696,0.013355940104661379,0.37392373923739236,0.04025957045194204,0.09228606729415918,0.04222236502427259,0.10232037348659145,1.0487534901713256,0.9636789366590263,0.6477419354838709,True,0.03464580174999776,34.64580174999776,0.9704012973786528,0.9642151791517989,0.006186118226853887,0.00494940024999968,mixed replay agreement,0.0
yameng_2,RH_Per_C_DtP,C,RH,1073,985,5.370618339000001,199.6045766677221,183.40343846982566,183.40532464338273,30.012689314710418,1.2,793,0.022574380329769286,0.020266142267883928,0.05202630225130852,0.011250578052561121,0.35182849936948296,0.03179214669450487,0.0605152914719072,0.03386291490249045,0.06618605810684325,1.0651345826969119,0.9557686895314553,0.6383265856950068,True,0.034625046749999555,34.625046749999555,0.9710775764677904,0.9623614812806914,0.008716095187098927,0.0049464352499999364,mixed replay agreement,0.0
yameng_2,RH_Per_C_PtD,C,RH,1072,960,5.360371626,199.79958008978537,179.06119989689032,179.09206058468152,30.006517062929493,1.2,763,0.030191154971193637,0.026133685749477595,0.06924306885893901,0.019997231586595998,0.5058977719528178,0.06619038302020604,0.11449408759582833,0.0684279060031114,0.12375442577267966,1.0338043516415716,0.9534062013764192,0.7581967213114754,True,0.035075876500000214,35.07587650000021,0.9664106061789566,0.962711383408028,0.0036992227709286007,0.0050108395000000305,mixed replay agreement,0.0
yameng_2,RH_Per_L_DtP,L,RH,1062,953,5.305026988000001,199.9989825499451,179.6230395608678,179.6409334308178,29.98960842795475,1.2,755,-0.03140835848122531,0.016064473798339893,0.054664899040332546,0.014099411669346829,0.5324503311258278,0.04545415312406578,0.0737356189859382,0.0473413926184687,0.07863803252736835,1.0415196272440002,0.9562769600483783,0.8337837837837838,True,0.025039631249998973,25.039631249998973,0.9504611747494154,0.9468001587617572,0.0036610159876582227,0.0050079262499997945,mixed replay agreement,0.00010839074987960811
yameng_2,RH_Per_L_PtD,L,RH,1045,962,5.220402352000001,199.9845854027,184.35739032349767,184.27698386723887,29.998938827922146,1.2,764,-8.355594029701768e-06,0.009441954890006784,0.016253162469572018,0.00023937393526160547,0.0013089005235602095,4.098897890958734e-05,0.0,0.00359782118886328,0.007314164185361322,87.77533094442974,-0.008764249491915933,0.00764525993883792,False,nan,nan,nan,nan,nan,nan,weak torque excitation; apparent lag omitted,0.0
yameng_2,RH_Per_S_DtP,S,RH,1218,1169,6.089836872,199.8411493738941,192.20066015368081,192.1339423230492,30.010472942720508,1.2,968,-0.005403221554737583,0.051094351353950906,0.08886961343320515,0.028803457756550195,0.5340909090909091,0.11304619233965463,0.2416482960912797,0.11921264997537658,0.2567792466204639,1.0545481232768497,0.9777241276340283,0.7475622968580715,True,0.03503047449999652,35.03047449999652,0.9847393040578206,0.982405830475616,0.0023334735822045927,0.005004353499999503,mixed replay agreement,0.0
yameng_2,RH_Per_S_PtD,S,RH,1155,1029,5.774103351,199.85787053848665,178.1855353227505,178.20948768119825,29.99176384731044,1.2,842,-0.014176854192193132,0.03314514346820229,0.08014612347515833,0.021702113049570537,0.336104513064133,0.09012496475519421,0.19901403774822074,0.09329091485160772,0.2048889823558274,1.0351284475396263,0.9853781483727687,0.48419721871049304,True,0.024869454999998375,24.869454999998375,0.973827514414859,0.9717127943155054,0.002114720099353651,0.004973890999999675,mixed replay agreement,0.0001501230950693578
zhongkai,LH_Per_C_DtP,C,LH,1429,1302,7.1579634090000015,199.49808603443222,181.8715778189079,181.89531373727644,30.000040077518328,1.2,1108,0.02220197376264093,0.013464192904814784,0.04563897299619302,0.008630860572888047,0.2870036101083033,0.022572297692853686,0.05433678940457617,0.02027773519697202,0.049664861652054124,0.8983460821266718,0.8327484270204062,0.5316091954022989,True,-0.15325662199999712,-153.25662199999712,0.8974977945551119,0.7319245695632032,0.16557322499190874,0.004943761999999907,mixed replay agreement,0.0
zhongkai,LH_Per_C_PtD,C,LH,1432,1301,7.164002267000001,199.74868050945577,181.58653274185144,181.6023992612173,30.070854745175964,1.2,1106,-0.022573234372598984,0.024194325014973563,0.05028171831426282,0.010793169424492752,0.3887884267631103,0.028310105018623986,0.05349938345347369,0.029873545425673553,0.06065347981821042,1.0552255248089348,0.9184880541462713,0.6486229819563153,True,0.029970942000001166,29.970942000001166,0.9298099158878546,0.921964912653977,0.007845003233877601,0.004995157000000194,mixed replay agreement,0.0
zhongkai,LH_Per_L_DtP,L,LH,1400,1276,7.01310952,199.48355234013226,181.9213410507413,181.93092242507072,30.068892394356002,1.2,1083,0.028390850703546897,0.010343241005628778,0.044088476722145054,0.009060238448742635,0.4422899353647276,0.019817379634615974,0.034816232327200526,0.019737720972554794,0.036361152417276624,0.9959803635228325,0.7977342509688051,0.9027777777777778,True,0.024732217499999765,24.732217499999763,0.7512360265333302,0.7365884147028625,0.0146476118304677,0.004946443499999953,mixed replay agreement,0.0
zhongkai,LH_Per_L_PtD,L,LH,1390,1283,6.946011164000001,199.9708850453555,184.91455974338768,184.86101452493318,30.004381144528512,1.2,1088,0.018249126872688343,0.010956052492349126,0.0372199606431128,0.005943061368930025,0.14338235294117646,0.0014978647611866393,0.0036451745696545568,0.004239469879599,0.008849482363402932,2.8303422241140144,0.17095334853686214,0.35650446871896724,False,nan,nan,nan,nan,nan,nan,weak torque excitation; apparent lag omitted,0.0
zhongkai,LH_Per_S_DtP,S,LH,1518,1378,7.585286902000001,199.99243530261393,181.7175201015416,181.66748572643507,30.07351791797632,1.2,1187,0.020462752876784118,0.018542303272305195,0.048149593872052414,0.00984847414611633,0.3142375737152485,0.03204093342483825,0.07028147092354019,0.03465708395548191,0.07650921359637335,1.081650259558781,0.9595415256809867,0.5098214285714285,True,0.0444494115000027,44.4494115000027,0.9503414861429345,0.9454081922712966,0.004933293871637878,0.0049388235000003,mixed replay agreement,0.0
zhongkai,LH_Per_S_PtD,S,LH,1477,1354,7.432595131,198.58474381900245,182.14517217727257,182.17055767678139,29.999020244160587,1.2,1167,0.009120753933951665,0.02558633857367427,0.0464235018570989,0.008786552280060932,0.2519280205655527,0.01809699505110938,0.0448084849365929,0.018808890178074522,0.04418962485805228,1.0393377533095751,0.9251367350518713,0.5558608058608059,True,0.030045160499997614,30.045160499997614,0.9146125219158577,0.9122008723028967,0.002411649612961031,0.005007526749999602,mixed replay agreement,0.0
zhongkai,RH_Per_C_DtP,C,RH,1169,1080,5.943682645000001,196.51116483861327,181.6785395965002,181.70552913159446,29.999618267569247,1.2,891,0.016791768688000308,0.02403820792642502,0.04716297437807994,0.00975657072058271,0.26936026936026936,0.019291885699731958,0.04052261819510003,0.020392070943019387,0.045342315441501274,1.0570283932017446,0.9232561539648186,0.5393794749403341,True,0.004996275250000348,4.996275250000348,0.9269584048399653,0.925987110026975,0.0009712948129902976,0.004996275250000348,mixed replay agreement,0.0
zhongkai,RH_Per_C_PtD,C,RH,1208,1164,6.039440991,199.8529337067249,192.7203042611557,192.73306945702384,29.99862075341362,1.2,961,0.018421593693415908,0.034239962795902815,0.06718696044629632,0.01754249531730583,0.3881373569198751,0.040804754973439716,0.07565826732557059,0.041916858055882085,0.08274919323408139,1.0272542521862036,0.9502756217645674,0.7149075081610446,True,0.030047427000001292,30.047427000001292,0.9394771884681995,0.9379496502834084,0.0015275381847911218,0.005007904500000215,mixed replay agreement,0.0
zhongkai,RH_Per_L_DtP,L,RH,1162,1077,5.804466782,200.01837267814687,185.5219077990626,185.54675915104582,29.99345823258217,1.2,876,0.0012434210200540845,0.009585917587794165,0.01979671512965228,0.0017919910195256725,0.01141552511415525,0.00034717877985387913,6.64719283859963e-05,0.00460605901545889,0.009652603293165246,13.267109865981705,-0.03359693502037163,0.031496062992125984,False,nan,nan,nan,nan,nan,nan,weak torque excitation; apparent lag omitted,0.0
zhongkai,RH_Per_L_PtD,L,RH,1182,1060,5.905356795,199.98791622547506,179.5415413455476,179.498045045727,30.01250264245591,1.2,866,0.011914973449024726,0.011245129746247891,0.03176763858679244,0.0032366812517893775,0.06235565819861432,0.000993448311680743,0.0017132245932034587,0.003848013556201186,0.008118311991663893,3.8733908054974817,-0.015824176304838296,0.16512549537648613,False,nan,nan,nan,nan,nan,nan,weak torque excitation; apparent lag omitted,0.0
zhongkai,RH_Per_S_DtP,S,RH,1308,1195,6.534975678,200.00074436390273,182.8553489267166,182.86219549721787,29.99920956698054,1.2,1000,0.004542136382663477,0.02956120492829382,0.05544752448632786,0.01224844836504366,0.328,0.034278125254852465,0.08523604752167317,0.03526772660094076,0.08411016276309592,1.0288697628219388,0.9693416807499903,0.6122233930453108,True,0.03504644499999987,35.04644499999987,0.9780041739443884,0.9710609932280687,0.006943180716319719,0.0050066349999999815,mixed replay agreement,0.0
zhongkai,RH_Per_S_PtD,S,RH,1272,1153,6.3539492420000006,200.03307417040898,181.50899349446456,181.46194690675182,30.08187189758758,1.2,957,0.0036013156740923105,0.022856010635810522,0.046233283847039265,0.009120866996810237,0.19122257053291536,0.01758540894105854,0.046945890952615726,0.01843052622207498,0.04410178502265495,1.0480578691032458,0.8934471338804953,0.3661504424778761,True,0.02502409999999955,25.02409999999955,0.9146678716784569,0.9056842017170681,0.008983669961388774,0.00500481999999991,mixed replay agreement,0.0
zhongyao,LH_Per_C_DtP,C,LH,1268,1163,6.334273704000001,200.02293225818582,183.57824097544756,183.60431745561965,29.99812868340147,1.2,971,-0.03607970401806493,0.025517035313111665,0.06772960290506934,0.021104204059235382,0.5705458290422245,0.08549796917088734,0.1432421470285153,0.08712325063534875,0.15664598954895284,1.0190095914583994,0.9493435262918456,0.7326839826839827,True,0.0,0.0,0.8165766202674637,0.8165766202674637,0.0,0.005005762749999754,mixed replay agreement,2.4599774212964185e-05
zhongyao,LH_Per_L_DtP,L,LH,1201,1111,6.0031592190000005,199.89474811895704,185.0500229226673,185.06922096680105,29.99242213305496,1.2,921,-0.027737988024819398,0.01589263210187689,0.052156355631721885,0.012327499222694575,0.4538545059717698,0.032607387344597144,0.04843525086397241,0.03333471236362418,0.05670555105072534,1.0223055288465959,0.8876109786364522,0.7990970654627539,True,0.0,0.0,0.8436147153282477,0.8436147153282477,0.0,0.005003819500000173,mixed replay agreement,0.0
zhongyao,RH_Per_C_DtP,C,RH,1496,1402,7.481139752000001,199.8358605184896,187.53646773613858,187.53910778129017,30.075945340215934,1.2,1197,0.013294001157080302,0.030162652599173844,0.05953989809169337,0.014147832201141483,0.3358395989974937,0.04231127735446436,0.10382193395671165,0.04417898232534018,0.10276646865577532,1.0441420133745678,0.9717663236516678,0.5341113105924596,True,0.0300648315000005,30.0648315000005,0.9767292750823822,0.9733406454678846,0.003388629614497596,0.005010805250000083,mixed replay agreement,0.0
zhongyao,RH_Per_C_PtD,C,RH,1499,1438,7.489096763,200.02412138682632,192.06589328982804,192.01247433528454,30.006298938420038,1.2,1230,0.017286751173130464,0.034825197372355926,0.06006306132303371,0.014921637267383818,0.4121951219512195,0.049988925243500994,0.1078576253739736,0.05109331359348767,0.10883371399896283,1.022092660416424,0.9764872658374123,0.6960203217612193,True,0.030066551999998303,30.066551999998303,0.9631731411000555,0.9612952625674367,0.001877878532618782,0.005011091999999717,mixed replay agreement,0.0
zhongyao,RH_Per_L_DtP,L,RH,1474,1419,7.365078094,199.99787934359952,192.66960400916707,192.66598152652256,30.005628417589588,1.2,1212,-0.008386491184353459,0.01676927577713552,0.03840775852933691,0.006264370284076791,0.10643564356435643,0.0021747197552803134,0.0051174270044728395,0.0049191207774837145,0.010372284667271149,2.261956174141462,0.023221463472387426,0.16787003610108303,False,nan,nan,nan,nan,nan,nan,weak torque excitation; apparent lag omitted,0.0
zhongyao,RH_Per_L_PtD,L,RH,1477,1387,7.379526403000001,200.0128354307346,187.94717935237801,187.9524408824044,29.994655525134043,1.2,1191,0.014094995630541344,0.009288703712875589,0.029155602957078926,0.0017902942928187564,0.041981528127623846,0.0004251050308192758,0.0008528462205869777,0.003616458103254282,0.007571923533861726,8.50721078573107,0.046974711232601406,0.16290480863591755,False,nan,nan,nan,nan,nan,nan,weak torque excitation; apparent lag omitted,0.0
zhongyao,RH_Per_S_DtP,S,RH,1564,1377,7.814396340000001,200.01544994581116,176.30381455313213,176.31054859932948,30.0009968985104,1.2,1188,-0.00010857138047648177,0.030652418699050773,0.05521616246718712,0.012413387645752809,0.3265993265993266,0.044570345592388406,0.10870852477098279,0.04669311058779006,0.1074295924753239,1.0476272949466243,0.9677414055374517,0.5306306306306307,True,0.03498529300000097,34.98529300000097,0.9832927093031206,0.9785550684370051,0.0047376408661155,0.004997899000000139,mixed replay agreement,0.0
zhongyao,RH_Per_S_PtD,S,RH,1556,1429,7.7751609120000005,199.99586087022965,183.7786159385645,183.79040847817245,29.995444457964922,1.2,1230,-0.006339986141996171,0.028119850225980698,0.05770653640648565,0.01327247552420676,0.3065040650406504,0.0429905494269249,0.11847483960920588,0.04511615955965177,0.12032039828640144,1.049443660550093,0.9779990497198668,0.5646551724137931,True,0.030085782000004002,30.085782000004002,0.983902148581859,0.9796495696886052,0.004252578893253811,0.005014297000000667,mixed replay agreement,0.0
