person,scan,frames,valid_frames,events,candidate_fraction,dark_width_mean,fraction_occupancy_0.65,fraction_occupancy_0.75,fraction_occupancy_0.85
chenwei,LH_Per_C_DtP,148,144,1,0.125,0.024956597222222224,0.13194444444444445,0.125,0.0
chenwei,LH_Per_C_PtD,150,145,1,0.23448275862068965,0.052370689655172414,0.2482758620689655,0.23448275862068965,0.04827586206896552
chenwei,LH_Per_L_DtP,142,137,0,0.0,0.0013686131386861315,0.0,0.0,0.0
chenwei,LH_Per_L_PtD,141,137,0,0.0,0.0,0.0,0.0,0.0
chenwei,LH_Per_S_DtP,163,158,2,0.36075949367088606,0.09909018987341772,0.3924050632911392,0.36075949367088606,0.03164556962025317
chenwei,LH_Per_S_PtD,171,167,1,0.05389221556886228,0.016467065868263474,0.0658682634730539,0.05389221556886228,0.0
chenwei,RH_Per_C_DtP,192,187,2,0.26737967914438504,0.06550802139037433,0.34759358288770054,0.26737967914438504,0.1497326203208556
chenwei,RH_Per_C_PtD,191,187,1,0.36363636363636365,0.09842914438502674,0.40641711229946526,0.36363636363636365,0.0
chenwei,RH_Per_L_DtP,188,183,0,0.0,0.001366120218579235,0.0,0.0,0.0
chenwei,RH_Per_L_PtD,188,184,1,1.0,0.20057744565217392,1.0,1.0,0.9782608695652174
chenwei,RH_Per_S_DtP,204,200,1,0.205,0.05484375,0.215,0.205,0.075
chenwei,RH_Per_S_PtD,201,197,1,0.3197969543147208,0.07059010152284265,0.39593908629441626,0.3197969543147208,0.0
dianye,LH_Per_C_DtP,167,162,1,0.18518518518518517,0.04128086419753087,0.18518518518518517,0.18518518518518517,0.06172839506172839
dianye,LH_Per_C_PtD,174,169,1,0.38461538461538464,0.10965236686390532,0.38461538461538464,0.38461538461538464,0.38461538461538464
dianye,LH_Per_L_DtP,160,156,0,0.0,0.004206730769230769,0.0,0.0,0.0
dianye,LH_Per_L_PtD,164,159,1,0.7169811320754716,0.14426100628930819,0.7421383647798742,0.7169811320754716,0.2641509433962264
dianye,LH_Per_S_DtP,190,186,1,0.45161290322580644,0.1461693548387097,0.5053763440860215,0.45161290322580644,0.25268817204301075
dianye,LH_Per_S_PtD,198,193,2,0.49222797927461137,0.12807642487046633,0.5284974093264249,0.49222797927461137,0.14507772020725387
dianye,RH_Per_C_DtP,192,187,0,0.0,0.02022058823529412,0.0855614973262032,0.0,0.0
dianye,RH_Per_C_PtD,194,189,0,0.0,0.0,0.0,0.0,0.0
dianye,RH_Per_L_DtP,186,182,0,0.0,0.0,0.0,0.0,0.0
dianye,RH_Per_L_PtD,190,186,0,0.0,0.0,0.0,0.0,0.0
dianye,RH_Per_S_DtP,220,215,2,0.3953488372093023,0.09956395348837209,0.44651162790697674,0.3953488372093023,0.2558139534883721
dianye,RH_Per_S_PtD,205,201,1,0.32338308457711445,0.0845771144278607,0.3333333333333333,0.32338308457711445,0.0
yameng_1,LH_Per_C_DtP,165,160,1,0.2375,0.05390625,0.24375,0.2375,0.18125
yameng_1,LH_Per_C_PtD,167,162,1,0.2777777777777778,0.07175925925925926,0.2839506172839506,0.2777777777777778,0.14814814814814814
yameng_1,LH_Per_L_DtP,156,151,0,0.0,0.0,0.0,0.0,0.0
yameng_1,LH_Per_L_PtD,156,151,0,0.0,0.0,0.0,0.0,0.0
yameng_1,LH_Per_S_DtP,187,182,1,0.554945054945055,0.17067307692307693,0.554945054945055,0.554945054945055,0.5494505494505495
yameng_1,LH_Per_S_PtD,188,183,1,0.18579234972677597,0.06403688524590163,0.18579234972677597,0.18579234972677597,0.1366120218579235
yameng_1,RH_Per_C_DtP,191,186,1,0.8387096774193549,0.2626008064516129,0.8387096774193549,0.8387096774193549,0.8279569892473119
yameng_1,RH_Per_C_PtD,194,189,1,0.37566137566137564,0.07490079365079365,0.544973544973545,0.37566137566137564,0.0
yameng_1,RH_Per_L_DtP,186,181,1,0.8011049723756906,0.13415055248618785,0.8121546961325967,0.8011049723756906,0.6464088397790055
yameng_1,RH_Per_L_PtD,185,181,1,0.23204419889502761,0.0625,0.2430939226519337,0.23204419889502761,0.2154696132596685
yameng_1,RH_Per_S_DtP,226,221,2,0.7013574660633484,0.22369909502262444,0.7104072398190046,0.7013574660633484,0.6923076923076923
yameng_1,RH_Per_S_PtD,214,210,1,0.19047619047619047,0.046130952380952384,0.49523809523809526,0.19047619047619047,0.0
yameng_2,LH_Per_C_DtP,157,152,1,0.3223684210526316,0.09066611842105263,0.32894736842105265,0.3223684210526316,0.3157894736842105
yameng_2,LH_Per_C_PtD,156,151,1,0.31125827814569534,0.08485099337748345,0.31125827814569534,0.31125827814569534,0.31125827814569534
yameng_2,LH_Per_L_DtP,143,139,0,0.0,0.03102517985611511,0.23741007194244604,0.0,0.0
yameng_2,LH_Per_L_PtD,145,140,0,0.0,0.0004464285714285714,0.0,0.0,0.0
yameng_2,LH_Per_S_DtP,165,160,1,0.5375,0.1525390625,0.55,0.5375,0.475
yameng_2,LH_Per_S_PtD,164,159,1,0.1320754716981132,0.04284591194968553,0.24528301886792453,0.1320754716981132,0.0
yameng_2,RH_Per_C_DtP,162,157,1,0.5031847133757962,0.11086783439490445,0.5414012738853503,0.5031847133757962,0.31210191082802546
yameng_2,RH_Per_C_PtD,161,156,2,0.4423076923076923,0.09114583333333333,0.5,0.4423076923076923,0.0
yameng_2,RH_Per_L_DtP,159,154,1,0.487012987012987,0.08198051948051949,0.6168831168831169,0.487012987012987,0.0
yameng_2,RH_Per_L_PtD,157,152,0,0.0,0.021175986842105265,0.046052631578947366,0.0,0.0
yameng_2,RH_Per_S_DtP,183,178,2,0.42134831460674155,0.10867275280898876,0.5224719101123596,0.42134831460674155,0.3707865168539326
yameng_2,RH_Per_S_PtD,174,169,1,0.23668639053254437,0.0673076923076923,0.5857988165680473,0.23668639053254437,0.0
zhongkai,LH_Per_C_DtP,214,210,1,0.23333333333333334,0.09598214285714286,0.6761904761904762,0.23333333333333334,0.17142857142857143
zhongkai,LH_Per_C_PtD,215,211,1,0.23696682464454977,0.04235781990521327,0.24644549763033174,0.23696682464454977,0.0
zhongkai,LH_Per_L_DtP,211,207,0,0.0,0.09375,1.0,0.0,0.0
zhongkai,LH_Per_L_PtD,209,204,0,0.0,0.0,0.0,0.0,0.0
zhongkai,LH_Per_S_DtP,228,223,2,0.4304932735426009,0.1140695067264574,0.5695067264573991,0.4304932735426009,0.0
zhongkai,LH_Per_S_PtD,223,219,0,0.0,0.0012842465753424657,0.0,0.0,0.0
zhongkai,RH_Per_C_DtP,178,173,0,0.0,0.03486271676300578,0.05202312138728324,0.0,0.0
zhongkai,RH_Per_C_PtD,181,176,1,0.6590909090909091,0.12464488636363637,0.6818181818181818,0.6590909090909091,0.6477272727272727
zhongkai,RH_Per_L_DtP,174,169,0,0.0,0.016826923076923076,0.0,0.0,0.0
zhongkai,RH_Per_L_PtD,177,173,1,0.8959537572254336,0.16853323699421965,0.9017341040462428,0.8959537572254336,0.884393063583815
zhongkai,RH_Per_S_DtP,196,191,1,0.15706806282722513,0.03386780104712042,0.15706806282722513,0.15706806282722513,0.14136125654450263
zhongkai,RH_Per_S_PtD,191,186,1,0.34408602150537637,0.09559811827956989,0.42473118279569894,0.34408602150537637,0.0
zhongyao,LH_Per_C_DtP,190,185,1,0.33513513513513515,0.11030405405405405,0.33513513513513515,0.33513513513513515,0.22702702702702704
zhongyao,LH_Per_L_DtP,180,176,0,0.0,0.003018465909090909,0.0,0.0,0.0
zhongyao,RH_Per_C_DtP,225,221,0,0.0,0.01456447963800905,0.0,0.0,0.0
zhongyao,RH_Per_C_PtD,224,220,1,0.1590909090909091,0.0328125,0.16818181818181818,0.1590909090909091,0.12727272727272726
zhongyao,RH_Per_L_DtP,221,217,0,0.0,0.0,0.0,0.0,0.0
zhongyao,RH_Per_L_PtD,222,217,0,0.0,0.0,0.0,0.0,0.0
zhongyao,RH_Per_S_DtP,235,230,0,0.0,0.008152173913043478,0.0,0.0,0.0
zhongyao,RH_Per_S_PtD,234,229,1,0.05240174672489083,0.027429039301310045,0.06550218340611354,0.05240174672489083,0.0
